"3","Jeans","2","1000","2021-10-21T11:42:09.000000Z","2021-10-21T12:59:55.000000Z"
"4","Nihil eos.","1","247978","2021-10-21T11:42:09.000000Z","2021-10-21T11:42:09.000000Z"
"5","Magni.","1","852018","2021-10-21T11:42:09.000000Z","2021-10-21T11:42:09.000000Z"
"6","Alias.","1","960582","2021-10-21T11:42:09.000000Z","2021-10-21T11:42:09.000000Z"
"7","Dicta aut.","3","458151","2021-10-21T11:42:09.000000Z","2021-10-21T11:42:09.000000Z"
"8","Culpa.","3","248912","2021-10-21T11:42:09.000000Z","2021-10-21T11:42:09.000000Z"
"9","Commodi.","3","567681","2021-10-21T11:42:09.000000Z","2021-10-21T11:42:09.000000Z"
"10","Fuga et.","2","560698","2021-10-21T11:42:09.000000Z","2021-10-21T11:42:09.000000Z"
"11","Aut quis.","3","609493","2021-10-21T11:42:09.000000Z","2021-10-21T11:42:09.000000Z"
"12","Fugiat.","2","833116","2021-10-21T11:42:09.000000Z","2021-10-21T11:42:09.000000Z"
"13","Iusto et.","2","90407","2021-10-21T11:42:09.000000Z","2021-10-21T11:42:09.000000Z"
"14","Quasi et.","2","687897","2021-10-21T11:42:09.000000Z","2021-10-21T11:42:09.000000Z"
"15","Corporis.","2","921168","2021-10-21T11:42:09.000000Z","2021-10-21T11:42:09.000000Z"
"16","Nihil.","3","907296","2021-10-21T11:42:09.000000Z","2021-10-21T11:42:09.000000Z"
"17","Numquam.","2","26634","2021-10-21T11:42:09.000000Z","2021-10-21T11:42:09.000000Z"
"18","Omnis.","1","719798","2021-10-21T11:42:09.000000Z","2021-10-21T11:42:09.000000Z"
"19","Officiis.","2","886047","2021-10-21T11:42:09.000000Z","2021-10-21T11:42:09.000000Z"
"20","Commodi.","3","477514","2021-10-21T11:42:09.000000Z","2021-10-21T11:42:09.000000Z"
"21","Quaerat.","2","725142","2021-10-21T11:42:09.000000Z","2021-10-21T11:42:09.000000Z"
"22","Aut.","3","957951","2021-10-21T11:42:09.000000Z","2021-10-21T11:42:09.000000Z"
"23","Rem quos.","3","536866","2021-10-21T11:42:09.000000Z","2021-10-21T11:42:09.000000Z"
"24","Quisquam.","1","760471","2021-10-21T11:42:09.000000Z","2021-10-21T11:42:09.000000Z"
"25","Quia.","2","224580","2021-10-21T11:42:09.000000Z","2021-10-21T11:42:09.000000Z"
"26","Ea veniam.","3","510467","2021-10-21T11:42:09.000000Z","2021-10-21T11:42:09.000000Z"
"27","Quia.","1","383596","2021-10-21T11:42:09.000000Z","2021-10-21T11:42:09.000000Z"
"28","Atque qui.","3","866243","2021-10-21T11:42:09.000000Z","2021-10-21T11:42:09.000000Z"
"29","Error.","1","173547","2021-10-21T11:42:09.000000Z","2021-10-21T11:42:09.000000Z"
"30","Vero.","3","652241","2021-10-21T11:42:09.000000Z","2021-10-21T11:42:09.000000Z"
"31","Minus.","2","323323","2021-10-21T11:42:09.000000Z","2021-10-21T11:42:09.000000Z"
"32","Harum.","3","301786","2021-10-21T11:42:09.000000Z","2021-10-21T11:42:09.000000Z"
"33","Quas.","1","440933","2021-10-21T11:42:09.000000Z","2021-10-21T11:42:09.000000Z"
"34","Sint aut.","1","676955","2021-10-21T11:42:09.000000Z","2021-10-21T11:42:09.000000Z"
"35","Nihil.","2","224798","2021-10-21T11:42:09.000000Z","2021-10-21T11:42:09.000000Z"
"36","Culpa.","2","936172","2021-10-21T11:42:09.000000Z","2021-10-21T11:42:09.000000Z"
"37","Explicabo.","2","185572","2021-10-21T11:42:09.000000Z","2021-10-21T11:42:09.000000Z"
"38","Molestiae.","1","850376","2021-10-21T11:42:09.000000Z","2021-10-21T11:42:09.000000Z"
"39","Minus eum.","2","870874","2021-10-21T11:42:09.000000Z","2021-10-21T11:42:09.000000Z"
"40","Earum.","3","907748","2021-10-21T11:42:09.000000Z","2021-10-21T11:42:09.000000Z"
"41","Quia.","1","657372","2021-10-21T11:42:09.000000Z","2021-10-21T11:42:09.000000Z"
"42","Porro.","2","902019","2021-10-21T11:42:09.000000Z","2021-10-21T11:42:09.000000Z"
"43","Aut quam.","3","976057","2021-10-21T11:42:09.000000Z","2021-10-21T11:42:09.000000Z"
"44","Earum ad.","3","366396","2021-10-21T11:42:09.000000Z","2021-10-21T11:42:09.000000Z"
"45","Ut rem.","1","951428","2021-10-21T11:42:09.000000Z","2021-10-21T11:42:09.000000Z"
"46","Ipsum aut.","3","980436","2021-10-21T11:42:09.000000Z","2021-10-21T11:42:09.000000Z"
"47","Sequi est.","3","536776","2021-10-21T11:42:09.000000Z","2021-10-21T11:42:09.000000Z"
"48","Nostrum.","2","956189","2021-10-21T11:42:09.000000Z","2021-10-21T11:42:09.000000Z"
"49","Quidem.","3","435150","2021-10-21T11:42:09.000000Z","2021-10-21T11:42:09.000000Z"
"50","Dicta.","3","702811","2021-10-21T11:42:09.000000Z","2021-10-21T11:42:09.000000Z"
"51","Joggers","2","1000","2021-10-21T11:59:46.000000Z","2021-10-21T11:59:46.000000Z"
"52","Shirt","2","1000","2021-10-21T12:00:21.000000Z","2021-10-21T12:00:21.000000Z"
"53","Shirt","2","1000","2021-10-21T12:00:25.000000Z","2021-10-21T12:00:25.000000Z"
"54","Jeans","2","1000","2021-10-21T12:00:34.000000Z","2021-10-21T12:00:34.000000Z"
"55","Jeans","2","1000","2021-10-21T12:13:10.000000Z","2021-10-21T12:13:10.000000Z"
"56","Maiores.","1","169964","2021-10-21T13:18:23.000000Z","2021-10-21T13:18:23.000000Z"
"57","Optio.","1","481211","2021-10-21T13:18:23.000000Z","2021-10-21T13:18:23.000000Z"
"58","Tempora.","4","206335","2021-10-21T13:18:24.000000Z","2021-10-21T13:18:24.000000Z"
"59","Qui eaque.","3","620102","2021-10-21T13:18:24.000000Z","2021-10-21T13:18:24.000000Z"
"60","Possimus.","1","793050","2021-10-21T13:18:24.000000Z","2021-10-21T13:18:24.000000Z"
"61","Non fugit.","3","78028","2021-10-21T13:18:24.000000Z","2021-10-21T13:18:24.000000Z"
"62","Excepturi.","1","427308","2021-10-21T13:18:24.000000Z","2021-10-21T13:18:24.000000Z"
"63","Et ut.","1","540223","2021-10-21T13:18:24.000000Z","2021-10-21T13:18:24.000000Z"
"64","Modi.","1","935574","2021-10-21T13:18:24.000000Z","2021-10-21T13:18:24.000000Z"
"65","Eum.","4","255912","2021-10-21T13:18:24.000000Z","2021-10-21T13:18:24.000000Z"
"66","Fuga.","4","896423","2021-10-21T13:18:24.000000Z","2021-10-21T13:18:24.000000Z"
"67","Ullam.","3","134985","2021-10-21T13:18:24.000000Z","2021-10-21T13:18:24.000000Z"
"68","Et maxime.","4","829156","2021-10-21T13:18:24.000000Z","2021-10-21T13:18:24.000000Z"
"69","Minus.","1","723291","2021-10-21T13:18:24.000000Z","2021-10-21T13:18:24.000000Z"
"70","Id non.","1","448719","2021-10-21T13:18:24.000000Z","2021-10-21T13:18:24.000000Z"
"71","Autem.","1","779846","2021-10-21T13:18:24.000000Z","2021-10-21T13:18:24.000000Z"
"72","Vero nisi.","4","714870","2021-10-21T13:18:24.000000Z","2021-10-21T13:18:24.000000Z"
"73","Rerum.","1","414492","2021-10-21T13:18:24.000000Z","2021-10-21T13:18:24.000000Z"
"74","Atque.","3","926995","2021-10-21T13:18:24.000000Z","2021-10-21T13:18:24.000000Z"
"75","Suscipit.","3","648041","2021-10-21T13:18:24.000000Z","2021-10-21T13:18:24.000000Z"
"76","Voluptas.","4","608174","2021-10-21T13:18:24.000000Z","2021-10-21T13:18:24.000000Z"
"77","Beatae.","3","180560","2021-10-21T13:18:24.000000Z","2021-10-21T13:18:24.000000Z"
"78","Et sit.","4","145194","2021-10-21T13:18:24.000000Z","2021-10-21T13:18:24.000000Z"
"79","Soluta et.","3","740650","2021-10-21T13:18:24.000000Z","2021-10-21T13:18:24.000000Z"
"80","Dicta qui.","4","774890","2021-10-21T13:18:24.000000Z","2021-10-21T13:18:24.000000Z"
"81","Itaque.","4","319330","2021-10-21T13:18:24.000000Z","2021-10-21T13:18:24.000000Z"
"82","Qui alias.","3","76947","2021-10-21T13:18:24.000000Z","2021-10-21T13:18:24.000000Z"
"83","Ullam qui.","4","145007","2021-10-21T13:18:24.000000Z","2021-10-21T13:18:24.000000Z"
"84","Aliquid.","4","469380","2021-10-21T13:18:24.000000Z","2021-10-21T13:18:24.000000Z"
"85","Sapiente.","3","953560","2021-10-21T13:18:24.000000Z","2021-10-21T13:18:24.000000Z"
"86","Neque.","4","833314","2021-10-21T13:18:24.000000Z","2021-10-21T13:18:24.000000Z"
"87","Non.","1","707576","2021-10-21T13:18:24.000000Z","2021-10-21T13:18:24.000000Z"
"88","Corporis.","1","812536","2021-10-21T13:18:24.000000Z","2021-10-21T13:18:24.000000Z"
"89","Tempora.","4","122560","2021-10-21T13:18:24.000000Z","2021-10-21T13:18:24.000000Z"
"90","Similique.","4","654610","2021-10-21T13:18:24.000000Z","2021-10-21T13:18:24.000000Z"
"91","Fugit.","4","126826","2021-10-21T13:18:24.000000Z","2021-10-21T13:18:24.000000Z"
"92","Animi.","1","48397","2021-10-21T13:18:24.000000Z","2021-10-21T13:18:24.000000Z"
"93","Hic ut.","4","487538","2021-10-21T13:18:24.000000Z","2021-10-21T13:18:24.000000Z"
"94","Quam id.","4","393115","2021-10-21T13:18:24.000000Z","2021-10-21T13:18:24.000000Z"
"95","Sed vitae.","1","854237","2021-10-21T13:18:24.000000Z","2021-10-21T13:18:24.000000Z"
"96","Et et.","1","673562","2021-10-21T13:18:24.000000Z","2021-10-21T13:18:24.000000Z"
"97","Deleniti.","1","82854","2021-10-21T13:18:24.000000Z","2021-10-21T13:18:24.000000Z"
"98","Dolorem.","3","533088","2021-10-21T13:18:24.000000Z","2021-10-21T13:18:24.000000Z"
"99","Ut fugiat.","1","873944","2021-10-21T13:18:24.000000Z","2021-10-21T13:18:24.000000Z"
"100","Sit iure.","4","350429","2021-10-21T13:18:24.000000Z","2021-10-21T13:18:24.000000Z"
"101","Nesciunt.","4","682328","2021-10-21T13:18:24.000000Z","2021-10-21T13:18:24.000000Z"
"102","Excepturi.","3","323006","2021-10-21T13:18:24.000000Z","2021-10-21T13:18:24.000000Z"
"103","Maiores.","4","790888","2021-10-21T13:18:24.000000Z","2021-10-21T13:18:24.000000Z"
"104","Ea ut aut.","4","756122","2021-10-21T13:18:24.000000Z","2021-10-21T13:18:24.000000Z"
"105","Officia.","3","218111","2021-10-21T13:18:24.000000Z","2021-10-21T13:18:24.000000Z"
"106","Nam porro.","4","634461","2021-10-21T13:18:28.000000Z","2021-10-21T13:18:28.000000Z"
"107","Eligendi.","4","284401","2021-10-21T13:18:28.000000Z","2021-10-21T13:18:28.000000Z"
"108","Adipisci.","3","524606","2021-10-21T13:18:28.000000Z","2021-10-21T13:18:28.000000Z"
"109","Vero.","3","280532","2021-10-21T13:18:28.000000Z","2021-10-21T13:18:28.000000Z"
"110","Est.","1","79258","2021-10-21T13:18:28.000000Z","2021-10-21T13:18:28.000000Z"
"111","Impedit.","3","270831","2021-10-21T13:18:28.000000Z","2021-10-21T13:18:28.000000Z"
"112","Sequi ut.","3","476779","2021-10-21T13:18:28.000000Z","2021-10-21T13:18:28.000000Z"
"113","Possimus.","1","728722","2021-10-21T13:18:28.000000Z","2021-10-21T13:18:28.000000Z"
"114","Quaerat.","3","648123","2021-10-21T13:18:28.000000Z","2021-10-21T13:18:28.000000Z"
"115","Maiores.","4","568305","2021-10-21T13:18:28.000000Z","2021-10-21T13:18:28.000000Z"
"116","Nihil est.","3","315115","2021-10-21T13:18:28.000000Z","2021-10-21T13:18:28.000000Z"
"117","Et.","3","207379","2021-10-21T13:18:28.000000Z","2021-10-21T13:18:28.000000Z"
"118","Saepe qui.","4","143802","2021-10-21T13:18:28.000000Z","2021-10-21T13:18:28.000000Z"
"119","Ut enim.","4","717168","2021-10-21T13:18:28.000000Z","2021-10-21T13:18:28.000000Z"
"120","Unde.","4","712791","2021-10-21T13:18:28.000000Z","2021-10-21T13:18:28.000000Z"
"121","Nobis ut.","3","87639","2021-10-21T13:18:28.000000Z","2021-10-21T13:18:28.000000Z"
"122","Debitis.","3","834339","2021-10-21T13:18:28.000000Z","2021-10-21T13:18:28.000000Z"
"123","Ut est.","4","99971","2021-10-21T13:18:28.000000Z","2021-10-21T13:18:28.000000Z"
"124","Eum.","3","848429","2021-10-21T13:18:28.000000Z","2021-10-21T13:18:28.000000Z"
"125","Ipsa.","3","581293","2021-10-21T13:18:28.000000Z","2021-10-21T13:18:28.000000Z"
"126","Accusamus.","4","122102","2021-10-21T13:18:28.000000Z","2021-10-21T13:18:28.000000Z"
"127","Voluptas.","4","827935","2021-10-21T13:18:28.000000Z","2021-10-21T13:18:28.000000Z"
"128","Ducimus.","3","763940","2021-10-21T13:18:28.000000Z","2021-10-21T13:18:28.000000Z"
"129","Et quia.","4","260718","2021-10-21T13:18:28.000000Z","2021-10-21T13:18:28.000000Z"
"130","Dolorem.","4","171831","2021-10-21T13:18:28.000000Z","2021-10-21T13:18:28.000000Z"
"131","Suscipit.","1","682478","2021-10-21T13:18:28.000000Z","2021-10-21T13:18:28.000000Z"
"132","Adipisci.","1","326306","2021-10-21T13:18:28.000000Z","2021-10-21T13:18:28.000000Z"
"133","Nemo.","1","170449","2021-10-21T13:18:28.000000Z","2021-10-21T13:18:28.000000Z"
"134","Doloribus.","1","894705","2021-10-21T13:18:28.000000Z","2021-10-21T13:18:28.000000Z"
"135","Aut.","4","195637","2021-10-21T13:18:28.000000Z","2021-10-21T13:18:28.000000Z"
"136","Quasi.","1","760788","2021-10-21T13:18:28.000000Z","2021-10-21T13:18:28.000000Z"
"137","Numquam.","3","336540","2021-10-21T13:18:28.000000Z","2021-10-21T13:18:28.000000Z"
"138","Ut culpa.","1","206456","2021-10-21T13:18:28.000000Z","2021-10-21T13:18:28.000000Z"
"139","Numquam.","3","783716","2021-10-21T13:18:28.000000Z","2021-10-21T13:18:28.000000Z"
"140","Deserunt.","1","120114","2021-10-21T13:18:28.000000Z","2021-10-21T13:18:28.000000Z"
"141","Vitae.","4","927168","2021-10-21T13:18:28.000000Z","2021-10-21T13:18:28.000000Z"
"142","Magni.","1","190565","2021-10-21T13:18:28.000000Z","2021-10-21T13:18:28.000000Z"
"143","Beatae.","3","113127","2021-10-21T13:18:28.000000Z","2021-10-21T13:18:28.000000Z"
"144","Est qui.","4","620483","2021-10-21T13:18:28.000000Z","2021-10-21T13:18:28.000000Z"
"145","Vel.","1","893775","2021-10-21T13:18:28.000000Z","2021-10-21T13:18:28.000000Z"
"146","Et.","3","530888","2021-10-21T13:18:28.000000Z","2021-10-21T13:18:28.000000Z"
"147","Ratione.","1","189039","2021-10-21T13:18:28.000000Z","2021-10-21T13:18:28.000000Z"
"148","Alias.","3","580569","2021-10-21T13:18:28.000000Z","2021-10-21T13:18:28.000000Z"
"149","Et et.","3","621899","2021-10-21T13:18:28.000000Z","2021-10-21T13:18:28.000000Z"
"150","Labore.","3","963480","2021-10-21T13:18:28.000000Z","2021-10-21T13:18:28.000000Z"
"151","Porro.","4","669729","2021-10-21T13:18:28.000000Z","2021-10-21T13:18:28.000000Z"
"152","Autem.","4","429358","2021-10-21T13:18:28.000000Z","2021-10-21T13:18:28.000000Z"
"153","Et magnam.","3","283607","2021-10-21T13:18:28.000000Z","2021-10-21T13:18:28.000000Z"
"154","Commodi.","4","832019","2021-10-21T13:18:28.000000Z","2021-10-21T13:18:28.000000Z"
"155","Unde eum.","4","157035","2021-10-21T13:18:28.000000Z","2021-10-21T13:18:28.000000Z"
"156","Doloribus.","3","194219","2021-10-21T13:19:11.000000Z","2021-10-21T13:19:11.000000Z"
"157","Et.","3","620527","2021-10-21T13:19:11.000000Z","2021-10-21T13:19:11.000000Z"
"158","Aut enim.","3","936297","2021-10-21T13:19:12.000000Z","2021-10-21T13:19:12.000000Z"
"159","Et et.","3","312859","2021-10-21T13:19:12.000000Z","2021-10-21T13:19:12.000000Z"
"160","Quaerat.","1","1771","2021-10-21T13:19:12.000000Z","2021-10-21T13:19:12.000000Z"
"161","Iste.","4","326612","2021-10-21T13:19:12.000000Z","2021-10-21T13:19:12.000000Z"
"162","Earum.","3","729759","2021-10-21T13:19:12.000000Z","2021-10-21T13:19:12.000000Z"
"163","A aut sed.","4","787812","2021-10-21T13:19:12.000000Z","2021-10-21T13:19:12.000000Z"
"164","Facere.","4","49789","2021-10-21T13:19:12.000000Z","2021-10-21T13:19:12.000000Z"
"165","Illum.","3","384073","2021-10-21T13:19:12.000000Z","2021-10-21T13:19:12.000000Z"
"166","Vel.","1","588421","2021-10-21T13:19:12.000000Z","2021-10-21T13:19:12.000000Z"
"167","Non qui.","1","683074","2021-10-21T13:19:12.000000Z","2021-10-21T13:19:12.000000Z"
"168","Dolores.","3","277362","2021-10-21T13:19:12.000000Z","2021-10-21T13:19:12.000000Z"
"169","Quo.","3","351558","2021-10-21T13:19:12.000000Z","2021-10-21T13:19:12.000000Z"
"170","Qui.","3","710319","2021-10-21T13:19:12.000000Z","2021-10-21T13:19:12.000000Z"
"171","Natus.","1","815063","2021-10-21T13:19:12.000000Z","2021-10-21T13:19:12.000000Z"
"172","Voluptate.","1","171309","2021-10-21T13:19:12.000000Z","2021-10-21T13:19:12.000000Z"
"173","Facere.","4","795256","2021-10-21T13:19:12.000000Z","2021-10-21T13:19:12.000000Z"
"174","Dolorum.","1","238544","2021-10-21T13:19:12.000000Z","2021-10-21T13:19:12.000000Z"
"175","Aperiam.","3","674001","2021-10-21T13:19:12.000000Z","2021-10-21T13:19:12.000000Z"
"176","Et.","4","751020","2021-10-21T13:19:12.000000Z","2021-10-21T13:19:12.000000Z"
"177","Qui.","1","358714","2021-10-21T13:19:12.000000Z","2021-10-21T13:19:12.000000Z"
"178","Suscipit.","4","631321","2021-10-21T13:19:12.000000Z","2021-10-21T13:19:12.000000Z"
"179","Aperiam.","1","923319","2021-10-21T13:19:12.000000Z","2021-10-21T13:19:12.000000Z"
"180","Excepturi.","4","478847","2021-10-21T13:19:12.000000Z","2021-10-21T13:19:12.000000Z"
"181","Sit est.","1","824668","2021-10-21T13:19:12.000000Z","2021-10-21T13:19:12.000000Z"
"182","Non sed.","3","671200","2021-10-21T13:19:12.000000Z","2021-10-21T13:19:12.000000Z"
"183","Cum.","4","741136","2021-10-21T13:19:12.000000Z","2021-10-21T13:19:12.000000Z"
"184","Ipsa.","3","794737","2021-10-21T13:19:12.000000Z","2021-10-21T13:19:12.000000Z"
"185","Debitis.","4","869498","2021-10-21T13:19:12.000000Z","2021-10-21T13:19:12.000000Z"
"186","Ad.","4","437018","2021-10-21T13:19:12.000000Z","2021-10-21T13:19:12.000000Z"
"187","Vero sit.","4","761764","2021-10-21T13:19:12.000000Z","2021-10-21T13:19:12.000000Z"
"188","Deleniti.","1","773148","2021-10-21T13:19:12.000000Z","2021-10-21T13:19:12.000000Z"
"189","Sit minus.","3","75762","2021-10-21T13:19:12.000000Z","2021-10-21T13:19:12.000000Z"
"190","Eligendi.","1","672976","2021-10-21T13:19:12.000000Z","2021-10-21T13:19:12.000000Z"
"191","Velit.","3","510535","2021-10-21T13:19:12.000000Z","2021-10-21T13:19:12.000000Z"
"192","Vel omnis.","4","947910","2021-10-21T13:19:12.000000Z","2021-10-21T13:19:12.000000Z"
"193","Odio.","3","451816","2021-10-21T13:19:12.000000Z","2021-10-21T13:19:12.000000Z"
"194","Voluptas.","4","625337","2021-10-21T13:19:12.000000Z","2021-10-21T13:19:12.000000Z"
"195","Ea id.","4","956120","2021-10-21T13:19:12.000000Z","2021-10-21T13:19:12.000000Z"
"196","Vitae est.","3","915293","2021-10-21T13:19:12.000000Z","2021-10-21T13:19:12.000000Z"
"197","Corporis.","1","450720","2021-10-21T13:19:12.000000Z","2021-10-21T13:19:12.000000Z"
"198","Velit.","3","165325","2021-10-21T13:19:12.000000Z","2021-10-21T13:19:12.000000Z"
"199","Libero.","4","320413","2021-10-21T13:19:12.000000Z","2021-10-21T13:19:12.000000Z"
"200","Autem.","3","467078","2021-10-21T13:19:12.000000Z","2021-10-21T13:19:12.000000Z"
"201","Nesciunt.","3","113116","2021-10-21T13:19:12.000000Z","2021-10-21T13:19:12.000000Z"
"202","Ut.","4","971474","2021-10-21T13:19:12.000000Z","2021-10-21T13:19:12.000000Z"
"203","Corrupti.","4","539526","2021-10-21T13:19:12.000000Z","2021-10-21T13:19:12.000000Z"
"204","Nobis.","1","199391","2021-10-21T13:19:12.000000Z","2021-10-21T13:19:12.000000Z"
"205","Itaque.","1","695536","2021-10-21T13:19:12.000000Z","2021-10-21T13:19:12.000000Z"
"206","Rerum.","4","628066","2021-10-21T13:30:34.000000Z","2021-10-21T13:30:34.000000Z"
"207","Hic et.","3","103489","2021-10-21T13:30:34.000000Z","2021-10-21T13:30:34.000000Z"
"208","Aut.","4","294616","2021-10-21T13:30:34.000000Z","2021-10-21T13:30:34.000000Z"
"209","Dolore.","3","446514","2021-10-21T13:30:34.000000Z","2021-10-21T13:30:34.000000Z"
"210","Ipsum id.","3","426283","2021-10-21T13:30:34.000000Z","2021-10-21T13:30:34.000000Z"
"211","Eligendi.","3","574243","2021-10-21T13:30:34.000000Z","2021-10-21T13:30:34.000000Z"
"212","Corrupti.","3","877633","2021-10-21T13:30:34.000000Z","2021-10-21T13:30:34.000000Z"
"213","Et maxime.","1","647912","2021-10-21T13:30:34.000000Z","2021-10-21T13:30:34.000000Z"
"214","Repellat.","3","110284","2021-10-21T13:30:34.000000Z","2021-10-21T13:30:34.000000Z"
"215","Non.","1","99049","2021-10-21T13:30:34.000000Z","2021-10-21T13:30:34.000000Z"
"216","Qui vel.","3","46147","2021-10-21T13:30:34.000000Z","2021-10-21T13:30:34.000000Z"
"217","Aut velit.","3","902326","2021-10-21T13:30:34.000000Z","2021-10-21T13:30:34.000000Z"
"218","Et.","3","41370","2021-10-21T13:30:34.000000Z","2021-10-21T13:30:34.000000Z"
"219","Quia ea.","1","399255","2021-10-21T13:30:34.000000Z","2021-10-21T13:30:34.000000Z"
"220","Illum.","4","827787","2021-10-21T13:30:34.000000Z","2021-10-21T13:30:34.000000Z"
"221","Tenetur.","3","661584","2021-10-21T13:30:34.000000Z","2021-10-21T13:30:34.000000Z"
"222","Modi sunt.","3","659010","2021-10-21T13:30:34.000000Z","2021-10-21T13:30:34.000000Z"
"223","Facere.","3","642770","2021-10-21T13:30:34.000000Z","2021-10-21T13:30:34.000000Z"
"224","Ad nisi.","3","914663","2021-10-21T13:30:34.000000Z","2021-10-21T13:30:34.000000Z"
"225","Molestiae.","3","618864","2021-10-21T13:30:34.000000Z","2021-10-21T13:30:34.000000Z"
"226","Sit sint.","1","539835","2021-10-21T13:30:34.000000Z","2021-10-21T13:30:34.000000Z"
"227","Omnis qui.","1","835830","2021-10-21T13:30:34.000000Z","2021-10-21T13:30:34.000000Z"
"228","Ut sit.","4","554603","2021-10-21T13:30:34.000000Z","2021-10-21T13:30:34.000000Z"
"229","Rerum.","3","593110","2021-10-21T13:30:34.000000Z","2021-10-21T13:30:34.000000Z"
"230","Vel rerum.","4","15720","2021-10-21T13:30:34.000000Z","2021-10-21T13:30:34.000000Z"
"231","Sequi.","1","812613","2021-10-21T13:30:34.000000Z","2021-10-21T13:30:34.000000Z"
"232","Possimus.","3","462255","2021-10-21T13:30:34.000000Z","2021-10-21T13:30:34.000000Z"
"233","Et dicta.","3","651139","2021-10-21T13:30:34.000000Z","2021-10-21T13:30:34.000000Z"
"234","Quo quia.","4","275764","2021-10-21T13:30:34.000000Z","2021-10-21T13:30:34.000000Z"
"235","Et.","1","671068","2021-10-21T13:30:34.000000Z","2021-10-21T13:30:34.000000Z"
"236","Aliquid.","4","652781","2021-10-21T13:30:34.000000Z","2021-10-21T13:30:34.000000Z"
"237","Et.","4","229954","2021-10-21T13:30:34.000000Z","2021-10-21T13:30:34.000000Z"
"238","Expedita.","4","903912","2021-10-21T13:30:34.000000Z","2021-10-21T13:30:34.000000Z"
"239","Quia qui.","4","643948","2021-10-21T13:30:34.000000Z","2021-10-21T13:30:34.000000Z"
"240","Enim.","1","495471","2021-10-21T13:30:34.000000Z","2021-10-21T13:30:34.000000Z"
"241","Dolores.","3","560668","2021-10-21T13:30:34.000000Z","2021-10-21T13:30:34.000000Z"
"242","Ut quos.","4","959957","2021-10-21T13:30:34.000000Z","2021-10-21T13:30:34.000000Z"
"243","Similique.","4","437967","2021-10-21T13:30:34.000000Z","2021-10-21T13:30:34.000000Z"
"244","Rerum et.","4","333880","2021-10-21T13:30:34.000000Z","2021-10-21T13:30:34.000000Z"
"245","Et optio.","1","235821","2021-10-21T13:30:34.000000Z","2021-10-21T13:30:34.000000Z"
"246","Magni.","1","642539","2021-10-21T13:30:34.000000Z","2021-10-21T13:30:34.000000Z"
"247","Autem.","1","82849","2021-10-21T13:30:34.000000Z","2021-10-21T13:30:34.000000Z"
"248","Vel.","3","451241","2021-10-21T13:30:34.000000Z","2021-10-21T13:30:34.000000Z"
"249","Vitae.","3","66523","2021-10-21T13:30:34.000000Z","2021-10-21T13:30:34.000000Z"
"250","Quam id.","1","351732","2021-10-21T13:30:34.000000Z","2021-10-21T13:30:34.000000Z"
"251","Enim qui.","3","609288","2021-10-21T13:30:34.000000Z","2021-10-21T13:30:34.000000Z"
"252","Voluptate.","4","816703","2021-10-21T13:30:34.000000Z","2021-10-21T13:30:34.000000Z"
"253","Ratione.","1","853637","2021-10-21T13:30:34.000000Z","2021-10-21T13:30:34.000000Z"
"254","Excepturi.","4","763966","2021-10-21T13:30:34.000000Z","2021-10-21T13:30:34.000000Z"
"255","Veniam.","1","69378","2021-10-21T13:30:34.000000Z","2021-10-21T13:30:34.000000Z"
"256","Eum.","1","483577","2021-10-21T13:31:32.000000Z","2021-10-21T13:31:32.000000Z"
"257","Corrupti.","1","606590","2021-10-21T13:31:32.000000Z","2021-10-21T13:31:32.000000Z"
"258","Quae.","4","811746","2021-10-21T13:31:32.000000Z","2021-10-21T13:31:32.000000Z"
"259","Animi.","3","450337","2021-10-21T13:31:32.000000Z","2021-10-21T13:31:32.000000Z"
"260","Ratione.","4","423255","2021-10-21T13:31:32.000000Z","2021-10-21T13:31:32.000000Z"
"261","Eum.","3","188474","2021-10-21T13:31:32.000000Z","2021-10-21T13:31:32.000000Z"
"262","Laborum.","3","666315","2021-10-21T13:31:32.000000Z","2021-10-21T13:31:32.000000Z"
"263","Minima.","1","772670","2021-10-21T13:31:32.000000Z","2021-10-21T13:31:32.000000Z"
"264","Voluptas.","4","539974","2021-10-21T13:31:32.000000Z","2021-10-21T13:31:32.000000Z"
"265","Vero in.","3","441083","2021-10-21T13:31:32.000000Z","2021-10-21T13:31:32.000000Z"
"266","Minus.","3","697068","2021-10-21T13:31:32.000000Z","2021-10-21T13:31:32.000000Z"
"267","Velit.","4","574031","2021-10-21T13:31:32.000000Z","2021-10-21T13:31:32.000000Z"
"268","Aut quis.","1","126176","2021-10-21T13:31:32.000000Z","2021-10-21T13:31:32.000000Z"
"269","Quos.","3","843911","2021-10-21T13:31:32.000000Z","2021-10-21T13:31:32.000000Z"
"270","Eos et.","4","563224","2021-10-21T13:31:32.000000Z","2021-10-21T13:31:32.000000Z"
"271","Error.","4","425790","2021-10-21T13:31:32.000000Z","2021-10-21T13:31:32.000000Z"
"272","Provident.","3","323085","2021-10-21T13:31:32.000000Z","2021-10-21T13:31:32.000000Z"
"273","Repellat.","3","201167","2021-10-21T13:31:32.000000Z","2021-10-21T13:31:32.000000Z"
"274","Quaerat.","3","895539","2021-10-21T13:31:32.000000Z","2021-10-21T13:31:32.000000Z"
"275","Iste.","3","638176","2021-10-21T13:31:32.000000Z","2021-10-21T13:31:32.000000Z"
"276","Dolores.","3","591884","2021-10-21T13:31:32.000000Z","2021-10-21T13:31:32.000000Z"
"277","Molestiae.","4","70910","2021-10-21T13:31:32.000000Z","2021-10-21T13:31:32.000000Z"
"278","Deserunt.","1","502301","2021-10-21T13:31:32.000000Z","2021-10-21T13:31:32.000000Z"
"279","Aut optio.","4","989636","2021-10-21T13:31:32.000000Z","2021-10-21T13:31:32.000000Z"
"280","Sunt.","1","87647","2021-10-21T13:31:32.000000Z","2021-10-21T13:31:32.000000Z"
"281","Id enim.","1","972595","2021-10-21T13:31:32.000000Z","2021-10-21T13:31:32.000000Z"
"282","Molestiae.","4","495637","2021-10-21T13:31:32.000000Z","2021-10-21T13:31:32.000000Z"
"283","Ratione.","4","631121","2021-10-21T13:31:32.000000Z","2021-10-21T13:31:32.000000Z"
"284","Quo qui.","4","436065","2021-10-21T13:31:32.000000Z","2021-10-21T13:31:32.000000Z"
"285","Unde.","1","63657","2021-10-21T13:31:32.000000Z","2021-10-21T13:31:32.000000Z"
"286","Libero.","4","716706","2021-10-21T13:31:32.000000Z","2021-10-21T13:31:32.000000Z"
"287","Ea enim.","1","698529","2021-10-21T13:31:32.000000Z","2021-10-21T13:31:32.000000Z"
"288","Animi.","1","826405","2021-10-21T13:31:32.000000Z","2021-10-21T13:31:32.000000Z"
"289","Fugiat.","4","73811","2021-10-21T13:31:32.000000Z","2021-10-21T13:31:32.000000Z"
"290","Sint.","1","852263","2021-10-21T13:31:32.000000Z","2021-10-21T13:31:32.000000Z"
"291","Quia fuga.","4","135872","2021-10-21T13:31:32.000000Z","2021-10-21T13:31:32.000000Z"
"292","Tenetur.","1","944592","2021-10-21T13:31:32.000000Z","2021-10-21T13:31:32.000000Z"
"293","Dolorem.","1","140169","2021-10-21T13:31:32.000000Z","2021-10-21T13:31:32.000000Z"
"294","Ratione.","4","805028","2021-10-21T13:31:32.000000Z","2021-10-21T13:31:32.000000Z"
"295","Ut ad.","4","658639","2021-10-21T13:31:32.000000Z","2021-10-21T13:31:32.000000Z"
"296","Eveniet.","1","795637","2021-10-21T13:31:32.000000Z","2021-10-21T13:31:32.000000Z"
"297","Illum.","4","121235","2021-10-21T13:31:32.000000Z","2021-10-21T13:31:32.000000Z"
"298","Sed optio.","3","540455","2021-10-21T13:31:32.000000Z","2021-10-21T13:31:32.000000Z"
"299","Aut ut.","3","46177","2021-10-21T13:31:32.000000Z","2021-10-21T13:31:32.000000Z"
"300","Fugit.","1","910733","2021-10-21T13:31:32.000000Z","2021-10-21T13:31:32.000000Z"
"301","Laborum.","4","800402","2021-10-21T13:31:32.000000Z","2021-10-21T13:31:32.000000Z"
"302","Voluptas.","1","799867","2021-10-21T13:31:32.000000Z","2021-10-21T13:31:32.000000Z"
"303","Harum.","1","645333","2021-10-21T13:31:32.000000Z","2021-10-21T13:31:32.000000Z"
"304","Rerum.","1","607615","2021-10-21T13:31:32.000000Z","2021-10-21T13:31:32.000000Z"
"305","Dolor.","3","382088","2021-10-21T13:31:32.000000Z","2021-10-21T13:31:32.000000Z"
"306","Nulla et.","3","662884","2021-10-21T13:32:42.000000Z","2021-10-21T13:32:42.000000Z"
"307","Alias.","4","7163","2021-10-21T13:32:42.000000Z","2021-10-21T13:32:42.000000Z"
"308","Ipsum ab.","1","738030","2021-10-21T13:32:42.000000Z","2021-10-21T13:32:42.000000Z"
"309","Aliquid.","4","682944","2021-10-21T13:32:42.000000Z","2021-10-21T13:32:42.000000Z"
"310","Ipsum.","4","167648","2021-10-21T13:32:42.000000Z","2021-10-21T13:32:42.000000Z"
"311","Ipsam.","3","455965","2021-10-21T13:32:42.000000Z","2021-10-21T13:32:42.000000Z"
"312","Esse.","4","388691","2021-10-21T13:32:42.000000Z","2021-10-21T13:32:42.000000Z"
"313","Magnam.","4","977631","2021-10-21T13:32:42.000000Z","2021-10-21T13:32:42.000000Z"
"314","Excepturi.","3","321420","2021-10-21T13:32:42.000000Z","2021-10-21T13:32:42.000000Z"
"315","Est.","1","199230","2021-10-21T13:32:42.000000Z","2021-10-21T13:32:42.000000Z"
"316","Adipisci.","4","602444","2021-10-21T13:32:42.000000Z","2021-10-21T13:32:42.000000Z"
"317","Debitis.","1","575678","2021-10-21T13:32:42.000000Z","2021-10-21T13:32:42.000000Z"
"318","Harum.","3","227255","2021-10-21T13:32:42.000000Z","2021-10-21T13:32:42.000000Z"
"319","Est sed.","3","207665","2021-10-21T13:32:42.000000Z","2021-10-21T13:32:42.000000Z"
"320","Eum.","1","774975","2021-10-21T13:32:42.000000Z","2021-10-21T13:32:42.000000Z"
"321","Minus.","3","709646","2021-10-21T13:32:42.000000Z","2021-10-21T13:32:42.000000Z"
"322","Quo.","1","791139","2021-10-21T13:32:42.000000Z","2021-10-21T13:32:42.000000Z"
"323","Accusamus.","1","227002","2021-10-21T13:32:42.000000Z","2021-10-21T13:32:42.000000Z"
"324","Aperiam.","3","700875","2021-10-21T13:32:42.000000Z","2021-10-21T13:32:42.000000Z"
"325","Eos quos.","4","415064","2021-10-21T13:32:42.000000Z","2021-10-21T13:32:42.000000Z"
"326","Aliquid.","3","132494","2021-10-21T13:32:42.000000Z","2021-10-21T13:32:42.000000Z"
"327","Iste.","4","672379","2021-10-21T13:32:42.000000Z","2021-10-21T13:32:42.000000Z"
"328","Accusamus.","1","23150","2021-10-21T13:32:42.000000Z","2021-10-21T13:32:42.000000Z"
"329","Voluptas.","1","836917","2021-10-21T13:32:42.000000Z","2021-10-21T13:32:42.000000Z"
"330","Magni a.","4","932649","2021-10-21T13:32:42.000000Z","2021-10-21T13:32:42.000000Z"
"331","Illo non.","4","588303","2021-10-21T13:32:42.000000Z","2021-10-21T13:32:42.000000Z"
"332","Quia.","1","896978","2021-10-21T13:32:42.000000Z","2021-10-21T13:32:42.000000Z"
"333","Facilis.","1","266430","2021-10-21T13:32:42.000000Z","2021-10-21T13:32:42.000000Z"
"334","Et iusto.","1","160658","2021-10-21T13:32:42.000000Z","2021-10-21T13:32:42.000000Z"
"335","Et.","4","916214","2021-10-21T13:32:42.000000Z","2021-10-21T13:32:42.000000Z"
"336","Fuga et.","3","31511","2021-10-21T13:32:42.000000Z","2021-10-21T13:32:42.000000Z"
"337","Qui nihil.","1","280148","2021-10-21T13:32:42.000000Z","2021-10-21T13:32:42.000000Z"
"338","Tenetur.","3","751684","2021-10-21T13:32:42.000000Z","2021-10-21T13:32:42.000000Z"
"339","Qui.","1","486979","2021-10-21T13:32:42.000000Z","2021-10-21T13:32:42.000000Z"
"340","Provident.","1","848472","2021-10-21T13:32:42.000000Z","2021-10-21T13:32:42.000000Z"
"341","Voluptas.","3","444238","2021-10-21T13:32:42.000000Z","2021-10-21T13:32:42.000000Z"
"342","Eos totam.","3","895124","2021-10-21T13:32:42.000000Z","2021-10-21T13:32:42.000000Z"
"343","Rem.","4","444770","2021-10-21T13:32:42.000000Z","2021-10-21T13:32:42.000000Z"
"344","Voluptate.","3","851648","2021-10-21T13:32:42.000000Z","2021-10-21T13:32:42.000000Z"
"345","Sequi.","1","192581","2021-10-21T13:32:42.000000Z","2021-10-21T13:32:42.000000Z"
"346","Sunt sit.","1","37610","2021-10-21T13:32:42.000000Z","2021-10-21T13:32:42.000000Z"
"347","Est eius.","1","602829","2021-10-21T13:32:42.000000Z","2021-10-21T13:32:42.000000Z"
"348","Non.","4","694955","2021-10-21T13:32:42.000000Z","2021-10-21T13:32:42.000000Z"
"349","Eveniet.","4","262239","2021-10-21T13:32:43.000000Z","2021-10-21T13:32:43.000000Z"
"350","Ut aut.","1","165080","2021-10-21T13:32:43.000000Z","2021-10-21T13:32:43.000000Z"
"351","Eveniet.","3","637908","2021-10-21T13:32:43.000000Z","2021-10-21T13:32:43.000000Z"
"352","Molestiae.","3","506538","2021-10-21T13:32:43.000000Z","2021-10-21T13:32:43.000000Z"
"353","Ratione.","4","686397","2021-10-21T13:32:43.000000Z","2021-10-21T13:32:43.000000Z"
"354","Similique.","1","383613","2021-10-21T13:32:43.000000Z","2021-10-21T13:32:43.000000Z"
"355","Voluptas.","4","337898","2021-10-21T13:32:43.000000Z","2021-10-21T13:32:43.000000Z"
"356","Provident.","3","67887","2021-10-21T13:34:12.000000Z","2021-10-21T13:34:12.000000Z"
"357","Nihil.","1","429838","2021-10-21T13:34:12.000000Z","2021-10-21T13:34:12.000000Z"
"358","Dolores.","3","111311","2021-10-21T13:34:12.000000Z","2021-10-21T13:34:12.000000Z"
"359","Ullam.","1","398877","2021-10-21T13:34:12.000000Z","2021-10-21T13:34:12.000000Z"
"360","Libero.","1","674311","2021-10-21T13:34:12.000000Z","2021-10-21T13:34:12.000000Z"
"361","Eius.","4","696128","2021-10-21T13:34:12.000000Z","2021-10-21T13:34:12.000000Z"
"362","Natus ut.","1","20202","2021-10-21T13:34:12.000000Z","2021-10-21T13:34:12.000000Z"
"363","Fugit.","3","56776","2021-10-21T13:34:12.000000Z","2021-10-21T13:34:12.000000Z"
"364","Ducimus.","4","491810","2021-10-21T13:34:12.000000Z","2021-10-21T13:34:12.000000Z"
"365","Sit ut.","1","818646","2021-10-21T13:34:12.000000Z","2021-10-21T13:34:12.000000Z"
"366","Unde a.","1","294070","2021-10-21T13:34:12.000000Z","2021-10-21T13:34:12.000000Z"
"367","Amet.","4","426829","2021-10-21T13:34:12.000000Z","2021-10-21T13:34:12.000000Z"
"368","Vero.","3","412940","2021-10-21T13:34:12.000000Z","2021-10-21T13:34:12.000000Z"
"369","Hic sequi.","4","834898","2021-10-21T13:34:12.000000Z","2021-10-21T13:34:12.000000Z"
"370","Enim et.","1","172864","2021-10-21T13:34:12.000000Z","2021-10-21T13:34:12.000000Z"
"371","Atque.","3","355158","2021-10-21T13:34:12.000000Z","2021-10-21T13:34:12.000000Z"
"372","Iure.","1","842846","2021-10-21T13:34:12.000000Z","2021-10-21T13:34:12.000000Z"
"373","Repellat.","1","564078","2021-10-21T13:34:12.000000Z","2021-10-21T13:34:12.000000Z"
"374","Sed.","1","548766","2021-10-21T13:34:12.000000Z","2021-10-21T13:34:12.000000Z"
"375","Aliquid.","3","60006","2021-10-21T13:34:12.000000Z","2021-10-21T13:34:12.000000Z"
"376","Quia.","1","786778","2021-10-21T13:34:12.000000Z","2021-10-21T13:34:12.000000Z"
"377","Est illum.","3","358422","2021-10-21T13:34:12.000000Z","2021-10-21T13:34:12.000000Z"
"378","Fugit.","1","491013","2021-10-21T13:34:12.000000Z","2021-10-21T13:34:12.000000Z"
"379","Non.","4","702719","2021-10-21T13:34:12.000000Z","2021-10-21T13:34:12.000000Z"
"380","Porro.","1","11561","2021-10-21T13:34:12.000000Z","2021-10-21T13:34:12.000000Z"
"381","Quia quia.","4","603433","2021-10-21T13:34:12.000000Z","2021-10-21T13:34:12.000000Z"
"382","Est.","1","14553","2021-10-21T13:34:12.000000Z","2021-10-21T13:34:12.000000Z"
"383","Aliquid.","1","382228","2021-10-21T13:34:12.000000Z","2021-10-21T13:34:12.000000Z"
"384","Aut sint.","4","630760","2021-10-21T13:34:12.000000Z","2021-10-21T13:34:12.000000Z"
"385","Aut.","4","80944","2021-10-21T13:34:12.000000Z","2021-10-21T13:34:12.000000Z"
"386","Aliquid.","3","737088","2021-10-21T13:34:12.000000Z","2021-10-21T13:34:12.000000Z"
"387","Dicta.","1","372508","2021-10-21T13:34:12.000000Z","2021-10-21T13:34:12.000000Z"
"388","Est.","4","548303","2021-10-21T13:34:12.000000Z","2021-10-21T13:34:12.000000Z"
"389","Nulla.","3","300544","2021-10-21T13:34:12.000000Z","2021-10-21T13:34:12.000000Z"
"390","Odio.","4","740870","2021-10-21T13:34:12.000000Z","2021-10-21T13:34:12.000000Z"
"391","Non.","1","571513","2021-10-21T13:34:12.000000Z","2021-10-21T13:34:12.000000Z"
"392","Eos.","3","945845","2021-10-21T13:34:12.000000Z","2021-10-21T13:34:12.000000Z"
"393","Qui est.","4","535754","2021-10-21T13:34:12.000000Z","2021-10-21T13:34:12.000000Z"
"394","Aut neque.","1","757961","2021-10-21T13:34:12.000000Z","2021-10-21T13:34:12.000000Z"
"395","Debitis a.","1","268007","2021-10-21T13:34:12.000000Z","2021-10-21T13:34:12.000000Z"
"396","Corrupti.","1","771103","2021-10-21T13:34:12.000000Z","2021-10-21T13:34:12.000000Z"
"397","Quis.","1","542252","2021-10-21T13:34:12.000000Z","2021-10-21T13:34:12.000000Z"
"398","Et.","1","25246","2021-10-21T13:34:12.000000Z","2021-10-21T13:34:12.000000Z"
"399","Aliquid.","3","676054","2021-10-21T13:34:12.000000Z","2021-10-21T13:34:12.000000Z"
"400","Dolor.","3","888418","2021-10-21T13:34:12.000000Z","2021-10-21T13:34:12.000000Z"
"401","Aut id.","3","904593","2021-10-21T13:34:12.000000Z","2021-10-21T13:34:12.000000Z"
"402","Veniam.","3","132386","2021-10-21T13:34:12.000000Z","2021-10-21T13:34:12.000000Z"
"403","Beatae.","4","937107","2021-10-21T13:34:12.000000Z","2021-10-21T13:34:12.000000Z"
"404","Quis.","3","351375","2021-10-21T13:34:12.000000Z","2021-10-21T13:34:12.000000Z"
"405","Est.","4","313111","2021-10-21T13:34:12.000000Z","2021-10-21T13:34:12.000000Z"
